ORDERNUMBER,SALES,ORDERDATE,PRODUCTLINE,COUNTRY,QUANTITYORDERED,CUSTOMERNAME,STATUS
10001,61288.06,2020-08-17,Commercial Trucks,USA,22,EuroFleet Systems,Resolved
10002,63144.11,2020-04-08,Semi-Trailers,Germany,5,MetroFleet Auto Group,Delivered
10003,69323.75,2020-09-07,Commercial Trucks,France,58,FleetX Logistics Ltd.,Delivered
10004,62427.42,2020-02-02,Commercial Trucks,USA,54,EuroFleet Systems,Cancelled
10005,58800.66,2020-08-13,Chassis Components,France,76,AutoNation Dealers,Resolved
10006,20474.46,2020-03-12,Semi-Trailers,Canada,33,MaxMove Transport,
10007,26442.31,2020-12-15,Trailers,Germany,62,Velocity Vehicles,Delivered
10008,63731.98,2020-09-01,Chassis Components,Italy,71,EuroFleet Systems,Delivered
10009,38417.74,2020-09-17,Trailers,Italy,77,EuroFleet Systems,Delivered
10010,16399.65,2020-04-16,Commercial Trucks,Australia,67,DriveTech Distributors,Delivered
10011,14109.42,2020-10-22,Passenger Vehicles,UK,41,MaxMove Transport,Delivered
10012,20922.7,2020-08-11,Passenger Vehicles,USA,99,MetroFleet Auto Group,Delivered
10013,20571.71,2020-05-29,Transmission Units,Canada,49,MaxMove Transport,Resolved
10014,67303.87,2020-04-30,Commercial Trucks,France,99,AutoNation Dealers,Cancelled
10015,56106.42,2020-07-23,Commercial Trucks,UK,28,EuroFleet Systems,Delivered
10016,7777.86,2020-11-21,Passenger Vehicles,Canada,31,EuroFleet Systems,Delivered
10017,46662.15,2020-01-20,Passenger Vehicles,Canada,77,MetroFleet Auto Group,Delivered
10018,10980.93,2020-05-08,Passenger Vehicles,USA,68,TransGlobal Motors,Resolved
10019,41434.11,2020-11-20,Engine Systems,Japan,85,DriveTech Distributors,Delivered
10020,51938.07,2020-06-08,Semi-Trailers,France,67,AutoNation Dealers,Delivered
10021,32468.5,2020-08-11,Commercial Trucks,Germany,39,MaxMove Transport,Cancelled
10022,43418.5,2020-04-29,Passenger Vehicles,Italy,13,TransGlobal Motors,Delivered
10023,28757.09,2020-05-03,Passenger Vehicles,USA,32,Velocity Vehicles,Delivered
10024,18206.43,2020-11-10,Commercial Trucks,Canada,5,DriveTech Distributors,Delivered
10025,16411.79,2020-05-18,Passenger Vehicles,USA,58,EuroFleet Systems,Delivered
10026,29366.12,2020-11-18,Passenger Vehicles,USA,20,Velocity Vehicles,Delivered
10027,16726.49,2020-07-13,Vehicle Interiors,Japan,31,EuroFleet Systems,Delivered
10028,65101.11,2020-01-22,Passenger Vehicles,Japan,5,TransGlobal Motors,Delivered
10029,55864.65,2020-09-13,Commercial Trucks,Germany,22,"Williams, Barnes and White",Resolved
10030,67669.79,2020-01-29,Commercial Trucks,UK,20,MetroFleet Auto Group,Delivered
10031,50839.75,2020-01-03,Chassis Components,Australia,29,AutoNation Dealers,Delivered
10032,51601.22,2020-10-08,Passenger Vehicles,USA,64,MetroFleet Auto Group,Delivered
10033,13542.06,2020-12-05,Commercial Trucks,USA,79,EuroFleet Systems,Cancelled
10034,61948.35,2020-09-15,Passenger Vehicles,Japan,53,FleetX Logistics Ltd.,Delivered
10035,35626.57,2020-12-11,Passenger Vehicles,Italy,24,FleetX Logistics Ltd.,Cancelled
10036,28334.21,2020-08-05,Passenger Vehicles,USA,23,Velocity Vehicles,Delivered
10037,26208.97,2020-02-11,Chassis Components,USA,37,"Raymond, Rios and Lucero",Delivered
10038,19715.62,2020-08-13,Commercial Trucks,France,98,DriveTech Distributors,Delivered
10039,67378.94,2020-01-24,Commercial Trucks,France,88,MaxMove Transport,Delivered
10040,10632.73,2020-02-14,Trailers,UK,96,AutoNation Dealers,Cancelled
10041,6003.68,2020-12-17,Passenger Vehicles,USA,22,DriveTech Distributors,Disputed
10042,50720.52,2020-03-15,Commercial Trucks,Italy,9,Collins-Nicholson,Delivered
10043,64717.14,2020-04-25,Passenger Vehicles,France,35,MaxMove Transport,
10044,16926.97,2020-04-07,Transmission Units,UK,87,DriveTech Distributors,Delivered
10045,65104.04,2020-05-27,Passenger Vehicles,Italy,83,Velocity Vehicles,Delivered
10046,44982.81,2020-11-17,Commercial Trucks,Australia,82,EuroFleet Systems,Delivered
10047,38285.93,2020-03-31,Vehicle Interiors,Germany,66,"Adams, Garcia and Schneider",Resolved
10048,9322.85,2020-02-13,Trailers,UK,53,Murphy-Gonzalez,Delivered
10049,38702.48,2020-02-23,Vehicle Interiors,France,66,FleetX Logistics Ltd.,Delivered
10050,36412.75,2020-12-23,Passenger Vehicles,Japan,15,AutoNation Dealers,Delivered
10051,38370.35,2020-05-12,Engine Systems,Germany,30,DriveTech Distributors,Delivered
10052,56148.86,2020-11-15,Commercial Trucks,Japan,22,DriveTech Distributors,Delivered
10053,66690.89,2020-12-21,Passenger Vehicles,Italy,96,MetroFleet Auto Group,Delivered
10054,56501.71,2020-10-11,Passenger Vehicles,France,85,DriveTech Distributors,Delivered
10055,33189.76,2020-01-19,Passenger Vehicles,Japan,5,FleetX Logistics Ltd.,Delivered
10056,30792.38,2021-09-20,Commercial Trucks,Italy,44,Velocity Vehicles,Delivered
10057,31028.53,2021-10-21,Commercial Trucks,France,91,TransGlobal Motors,Delivered
10058,17222.93,2021-09-18,Vehicle Interiors,France,36,MetroFleet Auto Group,Delivered
10059,12622.98,2021-12-24,Commercial Trucks,France,49,MetroFleet Auto Group,Delivered
10060,25018.91,2021-11-09,Transmission Units,Australia,94,TransGlobal Motors,Delivered
10061,21202.52,2021-12-11,Passenger Vehicles,France,66,FleetX Logistics Ltd.,Delivered
10062,50634.75,2021-07-11,Engine Systems,Italy,26,AutoNation Dealers,Disputed
10063,,2021-10-30,Trailers,France,30,DriveTech Distributors,Delivered
10064,12254.85,2021-10-21,Commercial Trucks,Italy,77,"Henry, Rivers and Henry",Delivered
10065,43438.75,2021-03-04,Chassis Components,Japan,41,DriveTech Distributors,Delivered
10066,22198.31,2021-12-19,Electrical Systems,Germany,45,TransGlobal Motors,Resolved
10067,17406.25,2021-04-13,Trailers,Australia,13,Velocity Vehicles,Delivered
10068,52648.32,2021-09-21,Chassis Components,UK,99,Zimmerman PLC,Delivered
10069,57610.45,2021-07-01,Passenger Vehicles,Japan,5,DriveTech Distributors,Delivered
10070,50458.13,2021-09-07,Passenger Vehicles,Japan,13,Lopez LLC,Delivered
10071,36668.33,2021-09-26,Transmission Units,France,55,AutoNation Dealers,Delivered
10072,30034.93,2021-04-30,Commercial Trucks,France,80,FleetX Logistics Ltd.,Delivered
10073,10696.02,2021-11-29,Passenger Vehicles,Germany,7,MaxMove Transport,Delivered
10074,,2021-01-18,Passenger Vehicles,Germany,72,MaxMove Transport,Delivered
10075,7670.08,2021-02-25,Passenger Vehicles,UK,83,DriveTech Distributors,Cancelled
10076,25213.47,2021-09-22,Passenger Vehicles,UK,56,TransGlobal Motors,Delivered
10077,31208.96,2021-06-21,Commercial Trucks,Canada,13,Velocity Vehicles,Delivered
10078,8078.77,2021-11-01,Chassis Components,Italy,25,FleetX Logistics Ltd.,Delivered
10079,18049.55,2021-12-01,Vehicle Interiors,Japan,73,FleetX Logistics Ltd.,Delivered
10080,32077.93,2021-01-23,Passenger Vehicles,UK,47,Berry-Reese,Cancelled
10081,33304.36,2021-02-15,Passenger Vehicles,UK,36,DriveTech Distributors,Delivered
10082,53349.85,2021-11-22,Passenger Vehicles,UK,99,MaxMove Transport,Resolved
10083,6105.07,2021-05-09,Passenger Vehicles,Germany,46,Payne LLC,Delivered
10084,35828.46,2021-07-07,Chassis Components,France,68,TransGlobal Motors,Delivered
10085,15468.58,2021-06-05,Commercial Trucks,Canada,68,Velocity Vehicles,Delivered
10086,49339.57,2021-12-22,Commercial Trucks,Japan,63,MetroFleet Auto Group,Delivered
10087,12963.59,2021-06-17,Commercial Trucks,Canada,33,EuroFleet Systems,Delivered
10088,53174.48,2021-03-19,Chassis Components,France,4,EuroFleet Systems,Delivered
10089,4508.22,2021-06-16,Passenger Vehicles,Australia,26,TransGlobal Motors,Delivered
10090,27691.8,2021-03-22,Semi-Trailers,Australia,97,MaxMove Transport,Cancelled
10091,19938.36,2021-05-27,Trailers,Australia,82,Velocity Vehicles,Delivered
10092,24337.88,2021-06-12,Trailers,UK,73,TransGlobal Motors,Delivered
10093,7131.84,2021-04-28,Commercial Trucks,France,78,EuroFleet Systems,Delivered
10094,42402.67,2021-08-25,Commercial Trucks,Japan,37,Velocity Vehicles,Delivered
10095,32203.79,2021-09-11,Commercial Trucks,Australia,95,Velocity Vehicles,Disputed
10096,8715.64,2021-11-16,Electrical Systems,Australia,99,TransGlobal Motors,Delivered
10097,43406.23,2021-09-21,Passenger Vehicles,Germany,91,MaxMove Transport,Cancelled
10098,15346.95,2021-07-22,Transmission Units,Germany,23,Velocity Vehicles,Delivered
10099,25948.54,2021-06-15,Semi-Trailers,Germany,90,DriveTech Distributors,Delivered
10100,36900.43,2022-12-29,Passenger Vehicles,Australia,76,TransGlobal Motors,
10101,30185.1,2022-03-27,Commercial Trucks,Japan,99,FleetX Logistics Ltd.,Delivered
10102,20322.94,2022-08-23,Electrical Systems,USA,95,DriveTech Distributors,Delivered
10103,63380.71,2022-06-05,Passenger Vehicles,Japan,58,TransGlobal Motors,Resolved
10104,51128.92,2022-10-15,Passenger Vehicles,Italy,11,,Delivered
10105,68182.34,2022-06-21,Commercial Trucks,France,34,Barr Inc,Delivered
10106,59060.17,2022-04-12,Passenger Vehicles,Canada,46,DriveTech Distributors,Resolved
10107,68341.37,2022-10-18,Passenger Vehicles,Italy,35,MetroFleet Auto Group,Resolved
10108,19237.4,2022-01-18,Commercial Trucks,Germany,91,MetroFleet Auto Group,Delivered
10109,15271.38,2022-10-29,Passenger Vehicles,Canada,13,Velocity Vehicles,Delivered
10110,51713.13,2022-07-15,Semi-Trailers,USA,36,DriveTech Distributors,Cancelled
10111,22500.22,2022-06-28,Semi-Trailers,Canada,66,DriveTech Distributors,Disputed
10112,18807.16,2022-05-19,Chassis Components,France,17,DriveTech Distributors,Delivered
10113,46143.11,2022-01-25,Passenger Vehicles,France,96,FleetX Logistics Ltd.,Delivered
10114,37928.16,2022-05-12,Passenger Vehicles,Japan,14,MetroFleet Auto Group,Cancelled
10115,42639.73,2022-03-07,Electrical Systems,Canada,72,"Thompson, White and Klein",Delivered
10116,49635.11,2022-07-21,Vehicle Interiors,Germany,48,DriveTech Distributors,Delivered
10117,44570.24,2022-08-08,Engine Systems,Japan,16,MetroFleet Auto Group,Delivered
10118,5056.06,2022-11-06,Chassis Components,Canada,19,MetroFleet Auto Group,Cancelled
10119,28005.05,2022-08-13,Passenger Vehicles,UK,70,EuroFleet Systems,Cancelled
10120,11390.12,2022-03-08,Passenger Vehicles,UK,81,Davis Ltd,Delivered
10121,63751.15,2022-08-26,Commercial Trucks,USA,97,MetroFleet Auto Group,Delivered
10122,52067.19,2022-12-27,Trailers,Australia,93,Jones-Morris,Delivered
10123,13799.02,2022-06-11,Passenger Vehicles,Germany,12,Owens Group,Cancelled
10124,44645.26,2022-01-06,Passenger Vehicles,Japan,26,DriveTech Distributors,Delivered
10125,55080.71,2022-06-06,Commercial Trucks,USA,55,Velocity Vehicles,Delivered
10126,68969.36,2022-09-08,Passenger Vehicles,UK,75,Fox PLC,Delivered
10127,47814.3,2022-12-07,Commercial Trucks,UK,70,DriveTech Distributors,Resolved
10128,18039.92,2022-08-03,Passenger Vehicles,USA,78,FleetX Logistics Ltd.,Delivered
10129,65260.51,2022-12-16,Semi-Trailers,UK,73,"Petersen, Brown and Houston",Cancelled
10130,24959.01,2022-11-18,Semi-Trailers,UK,28,MaxMove Transport,Delivered
10131,34631.89,2022-04-09,Trailers,France,91,Velocity Vehicles,Delivered
10132,27340.94,2022-03-15,Semi-Trailers,Germany,24,FleetX Logistics Ltd.,Delivered
10133,33232.69,2022-12-21,Passenger Vehicles,Germany,99,Velocity Vehicles,Delivered
10134,19680.07,2022-07-18,Commercial Trucks,France,76,MetroFleet Auto Group,Delivered
10135,46694.1,2022-04-14,Chassis Components,France,38,MetroFleet Auto Group,Resolved
10136,16474.71,2022-01-07,Transmission Units,Canada,4,EuroFleet Systems,Delivered
10137,,2022-08-12,Chassis Components,France,32,EuroFleet Systems,Delivered
10138,21874.13,2022-02-08,Engine Systems,Canada,52,AutoNation Dealers,Delivered
10139,6736.55,2022-06-26,Passenger Vehicles,Japan,35,Velocity Vehicles,Cancelled
10140,4115.68,2022-03-09,Commercial Trucks,France,51,DriveTech Distributors,Delivered
10141,10127.06,2022-08-22,Passenger Vehicles,Germany,52,TransGlobal Motors,Delivered
10142,14730.54,2022-05-19,Passenger Vehicles,USA,38,Walker Group,Delivered
10143,30765.74,2022-06-28,Commercial Trucks,Japan,34,DriveTech Distributors,Delivered
10144,7637.66,2022-08-01,Passenger Vehicles,France,44,Patton-Hensley,Delivered
10145,7078.97,2022-09-06,Commercial Trucks,Italy,74,MetroFleet Auto Group,Delivered
10146,10222.02,2022-12-12,Commercial Trucks,Australia,19,AutoNation Dealers,Delivered
10147,66218.82,2022-01-05,Passenger Vehicles,Japan,86,AutoNation Dealers,Disputed
10148,60346.5,2022-02-11,Passenger Vehicles,USA,85,Velocity Vehicles,Delivered
10149,52772.98,2022-10-01,Passenger Vehicles,Japan,10,EuroFleet Systems,Disputed
10150,56335.86,2022-03-02,Vehicle Interiors,Germany,39,AutoNation Dealers,Delivered
10151,18003.95,2022-08-19,Semi-Trailers,USA,1,TransGlobal Motors,Delivered
10152,52834.58,2022-06-30,Passenger Vehicles,Australia,25,Guerrero-Sawyer,Delivered
10153,52391.78,2022-11-16,Passenger Vehicles,Germany,43,EuroFleet Systems,Disputed
10154,7232.58,2022-03-12,Passenger Vehicles,Australia,76,TransGlobal Motors,Delivered
10155,29107.93,2022-05-22,Commercial Trucks,Australia,63,MaxMove Transport,Resolved
10156,46963.72,2022-11-13,Passenger Vehicles,UK,73,Velocity Vehicles,Delivered
10157,55265.01,2022-06-13,Passenger Vehicles,Italy,11,FleetX Logistics Ltd.,Cancelled
10158,67350.9,2022-06-15,Semi-Trailers,Italy,17,EuroFleet Systems,Delivered
10159,20130.64,2022-01-14,Semi-Trailers,France,50,DriveTech Distributors,Cancelled
10160,4116.98,2022-10-28,Commercial Trucks,UK,32,DriveTech Distributors,Cancelled
10161,4995.7,2022-04-27,Trailers,Australia,30,"Mccoy, Johnson and Davenport",Delivered
10162,17273.1,2022-03-11,Passenger Vehicles,Australia,24,EuroFleet Systems,Delivered
10163,13673.0,2022-02-11,Passenger Vehicles,Australia,2,MaxMove Transport,Delivered
10164,30678.48,2022-10-25,Semi-Trailers,France,9,TransGlobal Motors,Delivered
10165,36928.75,2022-11-06,Commercial Trucks,Canada,54,DriveTech Distributors,Delivered
10166,53224.27,2022-10-09,Commercial Trucks,Italy,44,MaxMove Transport,Delivered
10167,24532.99,2022-07-09,Passenger Vehicles,Germany,3,MetroFleet Auto Group,Delivered
10168,7460.71,2022-03-04,Passenger Vehicles,USA,19,MaxMove Transport,Cancelled
10169,63121.77,2022-01-21,Commercial Trucks,Australia,94,MetroFleet Auto Group,Delivered
10170,63383.35,2022-04-25,Passenger Vehicles,Australia,93,MetroFleet Auto Group,Delivered
10171,28684.43,2022-04-16,Passenger Vehicles,Canada,58,AutoNation Dealers,Disputed
10172,13943.88,2022-12-12,Trailers,Canada,83,AutoNation Dealers,Resolved
10173,60465.63,2022-04-07,Chassis Components,Australia,61,Velocity Vehicles,Delivered
10174,34982.11,2022-05-09,Passenger Vehicles,UK,13,AutoNation Dealers,Delivered
10175,50339.22,2022-10-20,Vehicle Interiors,Germany,31,FleetX Logistics Ltd.,Delivered
10176,68807.71,2022-12-02,Passenger Vehicles,Australia,61,DriveTech Distributors,Resolved
10177,50034.58,2022-10-15,Passenger Vehicles,France,16,TransGlobal Motors,Resolved
10178,6501.93,2022-05-25,Passenger Vehicles,Australia,10,EuroFleet Systems,Delivered
10179,54593.77,2022-10-26,Passenger Vehicles,Germany,28,MetroFleet Auto Group,Cancelled
10180,15347.2,2022-02-20,Transmission Units,UK,36,Anderson LLC,Delivered
10181,28677.81,2022-03-16,Trailers,France,84,MaxMove Transport,Delivered
10182,5869.82,2023-01-18,Passenger Vehicles,France,88,TransGlobal Motors,On Hold
10183,57520.49,2023-12-03,Passenger Vehicles,UK,28,Velocity Vehicles,Shipped
10184,13755.83,2023-01-09,Engine Systems,Italy,78,AutoNation Dealers,Shipped
10185,47310.19,2023-03-03,Passenger Vehicles,Canada,85,FleetX Logistics Ltd.,Delivered
10186,26505.57,2023-08-14,Passenger Vehicles,Germany,54,FleetX Logistics Ltd.,Delivered
10187,79713.8,2023-12-19,Semi-Trailers,Australia,72,TransGlobal Motors,Shipped
10188,58641.57,2023-06-14,Semi-Trailers,France,52,"Brown, Olsen and Zhang",Delivered
10189,55908.12,2023-03-04,Commercial Trucks,USA,42,EuroFleet Systems,Resolved
10190,20056.18,2023-05-04,Passenger Vehicles,USA,47,,Delivered
10191,58903.42,2023-03-14,Semi-Trailers,France,81,Yang-Peterson,Shipped
10192,4191.31,2023-07-13,Transmission Units,Italy,18,Brown-Boyle,Cancelled
10193,39927.54,2023-12-14,Passenger Vehicles,USA,68,DriveTech Distributors,Shipped
10194,62497.7,2023-10-14,Semi-Trailers,Japan,65,AutoNation Dealers,Delivered
10195,50638.85,2023-10-13,Engine Systems,USA,29,MetroFleet Auto Group,Cancelled
10196,11435.73,2023-04-25,Commercial Trucks,UK,80,EuroFleet Systems,Delivered
10197,68583.85,2023-12-12,Commercial Trucks,Italy,33,AutoNation Dealers,Delivered
10198,54648.05,2023-11-25,Passenger Vehicles,Australia,69,TransGlobal Motors,Shipped
10199,46150.98,2023-12-16,Trailers,Germany,80,TransGlobal Motors,Delivered
10200,37192.21,2023-09-30,Transmission Units,USA,74,EuroFleet Systems,Delivered
10201,53545.72,2023-08-03,Passenger Vehicles,Canada,64,FleetX Logistics Ltd.,Delivered
10202,58432.23,2023-01-03,Passenger Vehicles,Australia,37,,Delivered
10203,35781.9,2023-07-16,Passenger Vehicles,Germany,1,MaxMove Transport,Delivered
10204,21329.46,2023-11-04,Commercial Trucks,Australia,55,MetroFleet Auto Group,Resolved
10205,68839.88,2023-04-27,Commercial Trucks,Germany,12,MaxMove Transport,Delivered
10206,75122.57,2023-06-24,Semi-Trailers,Germany,66,MaxMove Transport,Delivered
10207,54002.52,2023-12-28,Passenger Vehicles,Italy,12,TransGlobal Motors,Disputed
10208,57530.49,2023-10-29,Passenger Vehicles,USA,72,TransGlobal Motors,Delivered
10209,63505.98,2023-08-16,Semi-Trailers,Canada,94,FleetX Logistics Ltd.,Shipped
10210,61242.76,2023-10-27,Passenger Vehicles,UK,48,TransGlobal Motors,Shipped
10211,58102.17,2023-10-27,Commercial Trucks,Canada,14,FleetX Logistics Ltd.,Delivered
10212,69983.46,2023-02-05,Semi-Trailers,UK,70,FleetX Logistics Ltd.,Delivered
10213,25780.67,2023-04-08,Passenger Vehicles,Italy,16,DriveTech Distributors,Resolved
10214,58648.82,2023-12-21,Passenger Vehicles,Germany,37,MetroFleet Auto Group,Resolved
10215,47282.53,2023-02-22,Chassis Components,Germany,41,EuroFleet Systems,Delivered
10216,65905.69,2023-05-03,Commercial Trucks,UK,81,FleetX Logistics Ltd.,Delivered
10217,69817.27,2023-04-25,Trailers,Japan,9,TransGlobal Motors,Delivered
10218,10433.58,2023-02-24,Passenger Vehicles,Canada,67,EuroFleet Systems,Shipped
10219,35498.09,2023-01-25,Passenger Vehicles,France,10,DriveTech Distributors,Delivered
10220,64953.07,2023-01-17,Trailers,Japan,17,Velocity Vehicles,Resolved
10221,26566.71,2023-10-06,Engine Systems,Japan,48,EuroFleet Systems,Delivered
10222,55479.89,2023-08-18,Commercial Trucks,France,2,TransGlobal Motors,Delivered
10223,43554.16,2023-01-06,Vehicle Interiors,UK,71,Oliver Group,Disputed
10224,64951.58,2023-08-04,Commercial Trucks,Italy,22,MaxMove Transport,Delivered
10225,24421.84,2023-08-17,Commercial Trucks,Japan,70,Velocity Vehicles,Delivered
10226,6881.27,2023-05-17,Engine Systems,Japan,78,TransGlobal Motors,Cancelled
10227,73773.4,2023-06-14,Chassis Components,Australia,75,MetroFleet Auto Group,Shipped
10228,62028.11,2023-04-27,Passenger Vehicles,Japan,75,DriveTech Distributors,Delivered
10229,27541.04,2023-08-12,Engine Systems,Australia,78,AutoNation Dealers,Delivered
10230,78668.19,2023-05-24,Passenger Vehicles,Canada,49,AutoNation Dealers,Resolved
10231,66486.33,2023-12-02,Passenger Vehicles,Australia,98,"Steele, Duffy and Neal",Delivered
10232,44869.58,2023-03-28,Passenger Vehicles,Canada,50,DriveTech Distributors,Shipped
10233,73608.06,2023-02-26,Chassis Components,USA,55,Velocity Vehicles,Delivered
10234,32169.58,2023-09-19,Trailers,Canada,63,Shaw-Foley,Shipped
10235,21738.09,2023-06-30,Passenger Vehicles,Canada,43,"Ward, Maddox and Garrett",Delivered
10236,17967.78,2023-04-17,Commercial Trucks,Australia,33,DriveTech Distributors,Delivered
10237,64578.06,2023-06-07,Chassis Components,Italy,83,Hartman PLC,Shipped
10238,50387.26,2023-07-27,Commercial Trucks,Italy,85,FleetX Logistics Ltd.,Delivered
10239,8193.54,2023-03-16,Passenger Vehicles,Canada,42,,Delivered
10240,74673.39,2023-05-03,Commercial Trucks,Canada,98,EuroFleet Systems,Delivered
10241,43297.63,2023-01-30,Passenger Vehicles,France,16,"Ellis, Nichols and Goodwin",Delivered
10242,36142.64,2023-08-22,Trailers,USA,31,MaxMove Transport,Delivered
10243,52859.61,2023-03-19,Passenger Vehicles,Germany,58,EuroFleet Systems,Delivered
10244,28364.4,2023-06-03,Commercial Trucks,Japan,51,EuroFleet Systems,In Process
10245,75337.46,2023-03-14,Transmission Units,Australia,20,TransGlobal Motors,Resolved
10246,12147.9,2023-02-12,Passenger Vehicles,Canada,18,EuroFleet Systems,Resolved
10247,35993.35,2023-01-29,Passenger Vehicles,Japan,12,,In Process
10248,49952.26,2023-10-17,Engine Systems,Canada,54,TransGlobal Motors,Cancelled
10249,39980.93,2023-08-12,Trailers,Japan,2,DriveTech Distributors,Shipped
10250,7022.32,2023-07-31,Engine Systems,France,61,EuroFleet Systems,Delivered
10251,43409.38,2023-08-13,Semi-Trailers,UK,87,MetroFleet Auto Group,Shipped
10252,10847.48,2023-12-25,Chassis Components,Germany,30,DriveTech Distributors,Shipped
10253,73959.99,2023-09-17,Engine Systems,UK,14,MaxMove Transport,Cancelled
10254,55802.94,2023-05-24,Passenger Vehicles,Canada,82,Velocity Vehicles,Shipped
10255,49158.07,2023-01-29,Passenger Vehicles,Italy,84,MaxMove Transport,Cancelled
10256,,2023-06-27,Chassis Components,France,63,TransGlobal Motors,In Process
10257,75511.96,2023-12-24,Passenger Vehicles,Canada,65,EuroFleet Systems,Cancelled
10258,13021.94,2023-03-23,Passenger Vehicles,Japan,24,MetroFleet Auto Group,Delivered
10259,71618.77,2023-02-27,Commercial Trucks,France,94,,Cancelled
10260,68801.45,2023-04-04,Commercial Trucks,USA,48,DriveTech Distributors,Cancelled
10261,11235.02,2023-10-06,Passenger Vehicles,Japan,72,AutoNation Dealers,Delivered
10262,18794.65,2023-04-27,Commercial Trucks,Japan,21,AutoNation Dealers,Delivered
10263,79069.03,2023-01-06,Chassis Components,Japan,57,TransGlobal Motors,In Process
10264,39543.67,2023-05-04,Passenger Vehicles,Canada,48,Stokes-Ortiz,Delivered
10265,25420.43,2023-03-02,Semi-Trailers,Japan,7,MaxMove Transport,Cancelled
10266,51745.18,2023-07-22,Passenger Vehicles,Italy,19,MaxMove Transport,Cancelled
10267,60988.03,2023-07-03,Engine Systems,Japan,62,MaxMove Transport,Shipped
10268,63738.3,2023-05-07,Transmission Units,Canada,49,TransGlobal Motors,Delivered
10269,21855.27,2023-02-02,Commercial Trucks,UK,91,EuroFleet Systems,Delivered
10270,35093.27,2023-06-19,Passenger Vehicles,Italy,28,MaxMove Transport,Shipped
10271,9470.18,2023-11-29,Commercial Trucks,Germany,56,DriveTech Distributors,Delivered
10272,14989.35,2023-11-27,Passenger Vehicles,Japan,38,FleetX Logistics Ltd.,Cancelled
10273,54787.17,2023-05-24,Passenger Vehicles,Germany,19,MaxMove Transport,Delivered
10274,40242.26,2023-06-23,Passenger Vehicles,Japan,57,EuroFleet Systems,In Process
10275,5980.9,2023-06-30,Commercial Trucks,USA,65,MetroFleet Auto Group,Cancelled
10276,46026.11,2023-06-12,Trailers,Japan,42,TransGlobal Motors,Delivered
10277,42340.56,2023-03-22,Passenger Vehicles,Italy,76,MetroFleet Auto Group,In Process
10278,8465.72,2023-08-05,Passenger Vehicles,USA,63,FleetX Logistics Ltd.,Delivered
10279,64269.37,2023-01-21,Passenger Vehicles,France,77,Rowe-Arnold,In Process
10280,45214.11,2023-06-02,Passenger Vehicles,Australia,62,AutoNation Dealers,Delivered
10281,32341.89,2023-02-24,Passenger Vehicles,France,68,EuroFleet Systems,Delivered
10282,,2023-02-06,Passenger Vehicles,UK,39,FleetX Logistics Ltd.,Resolved
10283,44103.26,2023-03-04,Passenger Vehicles,Australia,97,MaxMove Transport,Resolved
10284,59565.51,2023-10-14,Passenger Vehicles,Japan,64,MaxMove Transport,Delivered
10285,15524.84,2023-11-14,Commercial Trucks,Italy,29,George Group,Delivered
10286,29492.22,2023-11-26,Commercial Trucks,France,14,FleetX Logistics Ltd.,Shipped
10287,56800.14,2023-08-20,Passenger Vehicles,Canada,29,MetroFleet Auto Group,Delivered
10288,75127.38,2023-12-04,Engine Systems,Italy,19,MaxMove Transport,Delivered
10289,22576.93,2023-08-10,Chassis Components,Germany,22,FleetX Logistics Ltd.,In Process
10290,38339.16,2023-09-03,Passenger Vehicles,Australia,94,"Phillips, Smith and Davis",
10291,19508.73,2023-05-28,Semi-Trailers,Canada,86,TransGlobal Motors,
10292,69155.5,2023-12-07,Passenger Vehicles,France,97,EuroFleet Systems,Delivered
10293,59743.22,2023-11-13,Passenger Vehicles,Italy,15,EuroFleet Systems,Delivered
10294,,2023-01-14,Passenger Vehicles,UK,73,FleetX Logistics Ltd.,Delivered
10295,29291.53,2023-03-08,Engine Systems,Australia,89,FleetX Logistics Ltd.,Disputed
10296,22623.06,2023-08-12,Semi-Trailers,UK,93,TransGlobal Motors,Delivered
10297,16077.27,2023-08-13,Semi-Trailers,Germany,25,AutoNation Dealers,Cancelled
10298,48283.53,2023-08-24,Passenger Vehicles,Australia,87,EuroFleet Systems,Delivered
10299,66544.66,2023-01-08,Passenger Vehicles,UK,57,Santos Ltd,Cancelled
10300,43046.99,2023-06-10,Commercial Trucks,Japan,52,Velocity Vehicles,Shipped
10301,10100.38,2023-03-16,Passenger Vehicles,USA,58,EuroFleet Systems,Resolved
10302,11690.85,2023-10-12,Semi-Trailers,France,52,MaxMove Transport,Resolved
10303,40911.4,2024-02-12,Commercial Trucks,Australia,8,MaxMove Transport,Cancelled
10304,33429.06,2024-09-04,Passenger Vehicles,France,59,MaxMove Transport,Delivered
10305,32009.87,2024-04-21,Engine Systems,Canada,30,FleetX Logistics Ltd.,Delivered
10306,23756.82,2024-03-27,Passenger Vehicles,Germany,61,TransGlobal Motors,In Process
10307,88373.14,2024-12-26,Engine Systems,Italy,43,"Hamilton, Vaughn and Howard",Delivered
10308,65835.82,2024-06-22,Passenger Vehicles,Australia,8,EuroFleet Systems,Delivered
10309,55854.82,2024-04-19,Trailers,Japan,6,FleetX Logistics Ltd.,Cancelled
10310,20980.47,2024-02-13,Passenger Vehicles,Germany,12,MetroFleet Auto Group,Resolved
10311,26762.27,2024-05-18,Transmission Units,UK,47,TransGlobal Motors,Delivered
10312,44197.64,2024-09-09,Passenger Vehicles,Australia,13,TransGlobal Motors,Delivered
10313,53603.78,2024-09-22,Passenger Vehicles,Italy,49,MetroFleet Auto Group,Delivered
10314,65092.93,2024-10-18,Passenger Vehicles,Germany,56,Lewis Group,Delivered
10315,4839.02,2024-08-07,Commercial Trucks,France,9,FleetX Logistics Ltd.,Delivered
10316,16812.43,2024-08-07,Transmission Units,France,32,Velocity Vehicles,Shipped
10317,6916.93,2024-04-02,Trailers,Japan,50,Cohen and Sons,In Process
10318,31605.01,2024-10-28,Commercial Trucks,USA,45,TransGlobal Motors,Delivered
10319,84538.64,2024-07-29,Passenger Vehicles,UK,89,Barajas-Middleton,Delivered
10320,51357.52,2024-02-26,Passenger Vehicles,USA,86,FleetX Logistics Ltd.,Delivered
10321,60107.59,2024-08-13,Electrical Systems,Japan,7,Jefferson-Dominguez,Delivered
10322,40397.84,2024-01-04,Vehicle Interiors,Italy,36,Velocity Vehicles,Delivered
10323,82699.39,2024-04-26,Semi-Trailers,Italy,30,Velocity Vehicles,Resolved
10324,89557.06,2024-01-24,Passenger Vehicles,Germany,80,DriveTech Distributors,Resolved
10325,84400.21,2024-01-06,Commercial Trucks,Australia,45,TransGlobal Motors,Delivered
10326,71018.84,2024-03-13,Commercial Trucks,Italy,91,MetroFleet Auto Group,Delivered
10327,17953.55,2024-10-13,Chassis Components,France,64,FleetX Logistics Ltd.,Delivered
10328,42036.64,2024-03-17,Passenger Vehicles,France,11,MetroFleet Auto Group,
10329,40884.11,2024-10-09,Chassis Components,UK,99,EuroFleet Systems,In Process
10330,9125.41,2024-06-09,Passenger Vehicles,Japan,41,TransGlobal Motors,Delivered
10331,71026.11,2024-12-10,Transmission Units,Canada,28,MetroFleet Auto Group,Cancelled
10332,,2024-07-05,Passenger Vehicles,UK,77,MaxMove Transport,Delivered
10333,33635.93,2024-06-24,Commercial Trucks,Canada,24,EuroFleet Systems,Delivered
10334,18577.14,2024-08-07,Passenger Vehicles,USA,9,Velocity Vehicles,Shipped
10335,13071.72,2024-03-07,Passenger Vehicles,UK,53,EuroFleet Systems,Delivered
10336,46101.43,2024-12-02,Passenger Vehicles,Canada,16,MaxMove Transport,Cancelled
10337,34835.72,2024-06-23,Passenger Vehicles,France,9,MetroFleet Auto Group,Delivered
10338,63807.39,2024-04-23,Commercial Trucks,Canada,84,MaxMove Transport,Delivered
10339,41100.98,2024-06-30,Electrical Systems,Canada,68,MaxMove Transport,Resolved
10340,8374.52,2024-03-30,Passenger Vehicles,Japan,89,MetroFleet Auto Group,Cancelled
10341,67145.91,2024-08-31,Commercial Trucks,France,24,AutoNation Dealers,Delivered
10342,62518.13,2024-08-21,Passenger Vehicles,Japan,55,FleetX Logistics Ltd.,Resolved
10343,83792.76,2024-11-13,Passenger Vehicles,USA,5,MaxMove Transport,Delivered
10344,27130.81,2024-06-06,Semi-Trailers,Canada,20,DriveTech Distributors,Delivered
10345,19819.78,2024-04-17,Passenger Vehicles,Canada,48,EuroFleet Systems,Resolved
10346,18314.23,2024-05-30,Semi-Trailers,Canada,7,Taylor-Green,On Hold
10347,71979.79,2024-06-03,Transmission Units,UK,57,TransGlobal Motors,Delivered
10348,39449.25,2024-05-10,Passenger Vehicles,France,51,AutoNation Dealers,Shipped
10349,82893.12,2024-05-10,Vehicle Interiors,USA,46,DriveTech Distributors,Delivered
10350,70095.54,2024-12-09,Engine Systems,Australia,16,EuroFleet Systems,Delivered
10351,43513.11,2024-03-17,Semi-Trailers,Italy,40,TransGlobal Motors,Cancelled
10352,64390.14,2024-12-19,Passenger Vehicles,UK,94,AutoNation Dealers,Delivered
10353,30317.95,2024-07-15,Engine Systems,UK,85,"Jones, Kirby and Morrison",On Hold
10354,74515.01,2024-09-09,Passenger Vehicles,Japan,62,Perez PLC,
10355,18307.64,2024-03-10,Passenger Vehicles,UK,23,DriveTech Distributors,Delivered
10356,72168.16,2024-06-01,Passenger Vehicles,UK,75,TransGlobal Motors,Delivered
10357,51429.14,2024-04-01,Commercial Trucks,USA,90,DriveTech Distributors,Delivered
10358,58558.86,2024-03-20,Commercial Trucks,France,56,Perry LLC,Shipped
10359,62165.51,2024-02-03,Passenger Vehicles,Italy,8,FleetX Logistics Ltd.,Delivered
10360,67228.81,2024-12-30,Passenger Vehicles,France,16,FleetX Logistics Ltd.,Shipped
10361,57595.13,2024-07-28,Engine Systems,Japan,56,"Craig, Willis and Johnson",Delivered
10362,89751.1,2024-01-31,Transmission Units,Australia,9,AutoNation Dealers,Cancelled
10363,78312.43,2024-12-22,Passenger Vehicles,Japan,88,TransGlobal Motors,Disputed
10364,21613.79,2024-02-25,Semi-Trailers,Canada,96,MaxMove Transport,Cancelled
10365,88414.6,2024-09-28,Chassis Components,UK,43,Velocity Vehicles,Resolved
10366,13276.39,2024-04-02,Passenger Vehicles,France,24,Freeman Ltd,Delivered
10367,33333.06,2024-11-04,Electrical Systems,France,32,DriveTech Distributors,Delivered
10368,22425.44,2024-05-22,Commercial Trucks,Italy,28,AutoNation Dealers,Delivered
10369,59520.07,2024-12-23,Passenger Vehicles,USA,78,AutoNation Dealers,Resolved
10370,24589.76,2024-09-14,Chassis Components,UK,72,,Resolved
10371,87846.87,2024-07-01,Chassis Components,France,49,EuroFleet Systems,Shipped
10372,59222.91,2024-04-23,Commercial Trucks,Italy,44,MetroFleet Auto Group,Delivered
10373,27289.0,2024-05-06,Commercial Trucks,Australia,53,MetroFleet Auto Group,Cancelled
10374,34044.56,2024-09-27,Passenger Vehicles,France,75,MetroFleet Auto Group,In Process
10375,63164.72,2024-03-08,Passenger Vehicles,USA,74,Davis-Medina,Delivered
10376,35771.39,2024-12-03,Commercial Trucks,Australia,46,MaxMove Transport,Delivered
10377,15190.38,2024-07-24,Semi-Trailers,Italy,88,Silva PLC,Delivered
10378,8494.01,2024-12-26,Semi-Trailers,Canada,29,AutoNation Dealers,Shipped
10379,48864.08,2024-09-04,Trailers,Germany,95,DriveTech Distributors,Delivered
10380,81181.3,2024-01-15,Transmission Units,Japan,45,EuroFleet Systems,Delivered
10381,22635.8,2024-09-23,Engine Systems,Japan,1,EuroFleet Systems,Cancelled
10382,82271.8,2024-04-04,Trailers,Japan,77,Velocity Vehicles,Delivered
10383,29464.75,2024-09-27,Passenger Vehicles,Germany,5,Martin-Frederick,On Hold
10384,9472.32,2024-07-08,Semi-Trailers,USA,27,TransGlobal Motors,Delivered
10385,23804.0,2024-08-19,Passenger Vehicles,Australia,80,Velocity Vehicles,Delivered
10386,27823.82,2024-12-02,Passenger Vehicles,UK,27,FleetX Logistics Ltd.,Delivered
10387,39813.47,2024-03-01,Commercial Trucks,Italy,23,EuroFleet Systems,Delivered
10388,57688.84,2024-07-18,Electrical Systems,Canada,58,TransGlobal Motors,Shipped
10389,57969.26,2024-07-07,Chassis Components,Australia,88,FleetX Logistics Ltd.,Delivered
10390,47704.83,2024-06-12,Semi-Trailers,Canada,47,Velocity Vehicles,Delivered
10391,35849.44,2024-05-29,Passenger Vehicles,Germany,38,Velocity Vehicles,Delivered
10392,30538.78,2024-03-03,Commercial Trucks,Japan,34,Chapman-Carlson,Delivered
10393,50042.26,2024-09-06,Semi-Trailers,Germany,33,Velocity Vehicles,Shipped
10394,22321.77,2024-09-05,Chassis Components,Australia,85,FleetX Logistics Ltd.,Delivered
10395,54755.14,2024-08-30,Passenger Vehicles,Italy,93,TransGlobal Motors,Shipped
10396,71890.08,2024-07-04,Commercial Trucks,Australia,45,Taylor Ltd,Delivered
10397,41916.91,2024-04-12,Commercial Trucks,France,43,AutoNation Dealers,Delivered
10398,12760.36,2024-04-07,Passenger Vehicles,Italy,86,FleetX Logistics Ltd.,Cancelled
10399,62351.66,2024-10-08,Trailers,France,89,EuroFleet Systems,Delivered
10400,16129.04,2024-07-05,Vehicle Interiors,France,42,FleetX Logistics Ltd.,Delivered
10401,68886.16,2024-05-02,Passenger Vehicles,Italy,87,MaxMove Transport,Delivered
10402,6846.86,2024-05-08,Passenger Vehicles,Germany,6,AutoNation Dealers,Delivered
10403,14579.96,2024-03-07,Passenger Vehicles,Italy,44,Evans PLC,Delivered
10404,65551.75,2024-11-20,Commercial Trucks,Australia,31,Morris Ltd,In Process
10405,13745.77,2024-11-09,Engine Systems,Germany,88,EuroFleet Systems,Delivered
10406,8479.84,2024-12-14,Commercial Trucks,Australia,76,TransGlobal Motors,Delivered
10407,39390.79,2024-08-22,Passenger Vehicles,France,70,EuroFleet Systems,Delivered
10408,70194.79,2024-07-31,Engine Systems,Japan,16,MaxMove Transport,Delivered
10409,57183.05,2024-06-03,Commercial Trucks,USA,16,"Dean, Scott and Jones",Delivered
10410,31626.0,2024-06-28,Trailers,France,43,TransGlobal Motors,Cancelled
10411,26807.49,2024-07-10,Trailers,Italy,99,MaxMove Transport,Shipped
10412,46219.48,2024-05-01,Passenger Vehicles,Australia,92,TransGlobal Motors,Delivered
10413,27208.85,2024-11-22,Passenger Vehicles,France,11,TransGlobal Motors,In Process
10414,84948.91,2024-11-26,Passenger Vehicles,Italy,38,DriveTech Distributors,Delivered
10415,37943.44,2024-04-24,Commercial Trucks,USA,90,MetroFleet Auto Group,Delivered
10416,85186.22,2024-07-06,Passenger Vehicles,Australia,61,MetroFleet Auto Group,Cancelled
10417,84649.19,2024-11-04,Semi-Trailers,Canada,70,Reed Inc,Delivered
10418,35259.23,2024-07-01,Passenger Vehicles,France,14,TransGlobal Motors,Delivered
10419,83800.14,2024-09-16,Commercial Trucks,Japan,9,TransGlobal Motors,Resolved
10420,,2024-09-30,Commercial Trucks,Canada,27,"Hayes, Burton and Thomas",
10421,63381.32,2024-02-06,Semi-Trailers,Japan,29,DriveTech Distributors,On Hold
10422,84972.62,2024-11-21,Passenger Vehicles,UK,9,EuroFleet Systems,Delivered
10423,75354.72,2024-11-09,Commercial Trucks,France,34,FleetX Logistics Ltd.,Cancelled
10424,63839.86,2024-01-14,Chassis Components,UK,21,FleetX Logistics Ltd.,Delivered
10425,50113.58,2024-05-21,Semi-Trailers,Canada,93,DriveTech Distributors,In Process
10426,34430.52,2024-08-26,Transmission Units,Japan,46,TransGlobal Motors,Delivered
10427,68728.53,2024-02-05,Passenger Vehicles,Canada,99,EuroFleet Systems,Resolved
10428,21156.98,2024-02-01,Commercial Trucks,UK,10,FleetX Logistics Ltd.,Delivered
10429,83180.14,2024-03-01,Commercial Trucks,Italy,83,EuroFleet Systems,Delivered
10430,6978.51,2024-09-19,Passenger Vehicles,UK,99,Marsh-Campbell,Cancelled
10431,19344.86,2024-12-30,Passenger Vehicles,USA,73,Velocity Vehicles,Shipped
10432,88007.81,2024-12-17,Engine Systems,Italy,9,AutoNation Dealers,In Process
10433,30240.1,2024-05-12,Commercial Trucks,UK,9,DriveTech Distributors,Delivered
10434,78829.8,2024-03-08,Passenger Vehicles,UK,11,Velocity Vehicles,Delivered
10435,23654.24,2024-12-02,Passenger Vehicles,Australia,19,MaxMove Transport,Delivered
10436,65554.75,2024-09-05,Passenger Vehicles,Canada,67,,Delivered
10437,52115.85,2024-05-06,Commercial Trucks,France,55,Castaneda-Martinez,Delivered
10438,18399.52,2024-12-07,Trailers,Japan,85,Velocity Vehicles,Resolved
10439,47954.45,2024-07-13,Passenger Vehicles,Australia,72,MaxMove Transport,Delivered
10440,68789.31,2025-04-19,Passenger Vehicles,Canada,45,Velocity Vehicles,Shipped
10441,72268.74,2025-04-28,Commercial Trucks,USA,79,Velocity Vehicles,Shipped
10442,100706.52,2025-11-25,Passenger Vehicles,Japan,2,TransGlobal Motors,Delivered
10443,92493.6,2025-06-25,Commercial Trucks,UK,46,"Smith, Stevens and Franklin",In Process
10444,57097.28,2025-01-08,Commercial Trucks,USA,4,EuroFleet Systems,Delivered
10445,25242.05,2025-08-31,Passenger Vehicles,Australia,46,FleetX Logistics Ltd.,On Hold
10446,11746.93,2025-04-12,Commercial Trucks,Italy,44,FleetX Logistics Ltd.,In Process
10447,78718.29,2025-10-12,Passenger Vehicles,UK,10,EuroFleet Systems,Shipped
10448,65114.14,2025-04-26,Passenger Vehicles,Canada,16,DriveTech Distributors,Delivered
10449,17155.81,2025-02-13,Engine Systems,Canada,98,Blackburn and Sons,Delivered
10450,,2025-12-02,Passenger Vehicles,Canada,99,MaxMove Transport,Cancelled
10451,100131.08,2025-03-23,Semi-Trailers,France,9,EuroFleet Systems,Shipped
10452,14106.35,2025-04-06,Passenger Vehicles,USA,20,EuroFleet Systems,Delivered
10453,103826.6,2025-04-24,Passenger Vehicles,Canada,42,MaxMove Transport,Cancelled
10454,95916.05,2025-07-07,Commercial Trucks,Germany,4,AutoNation Dealers,Cancelled
10455,,2025-08-23,Commercial Trucks,France,73,Moore-Vazquez,
10456,10325.79,2025-06-04,Vehicle Interiors,Japan,47,MetroFleet Auto Group,Shipped
10457,31981.28,2025-02-24,Engine Systems,UK,89,"Foster, Bradley and Barnes",Delivered
10458,27324.07,2025-01-26,Passenger Vehicles,Italy,91,Velocity Vehicles,Delivered
10459,48900.99,2025-07-31,Passenger Vehicles,Germany,14,FleetX Logistics Ltd.,In Process
10460,112125.59,2025-06-22,Commercial Trucks,Australia,83,MaxMove Transport,In Process
10461,9689.81,2025-03-26,Engine Systems,UK,54,FleetX Logistics Ltd.,Shipped
10462,20775.22,2025-01-19,Passenger Vehicles,Canada,59,EuroFleet Systems,Shipped
10463,21294.9,2025-07-06,Passenger Vehicles,France,32,DriveTech Distributors,Delivered
10464,107917.12,2025-02-20,Passenger Vehicles,UK,72,DriveTech Distributors,Delivered
10465,57740.42,2025-06-11,Semi-Trailers,Japan,45,AutoNation Dealers,Shipped
10466,18436.71,2025-12-30,Passenger Vehicles,UK,71,AutoNation Dealers,Shipped
10467,40952.28,2025-10-27,Chassis Components,Canada,90,MaxMove Transport,Delivered
10468,65020.03,2025-08-05,Passenger Vehicles,Italy,30,AutoNation Dealers,Delivered
10469,9050.43,2025-02-05,Trailers,UK,8,Anderson-Johnson,In Process
10470,34855.62,2025-10-11,Transmission Units,Italy,49,MaxMove Transport,Delivered
10471,50687.4,2025-06-24,Electrical Systems,Germany,49,EuroFleet Systems,Delivered
10472,52719.88,2025-04-20,Passenger Vehicles,France,16,DriveTech Distributors,
10473,7949.62,2025-04-20,Trailers,Canada,1,EuroFleet Systems,Delivered
10474,84845.72,2025-02-19,Commercial Trucks,Germany,64,MaxMove Transport,Delivered
10475,55363.89,2025-01-12,Commercial Trucks,Germany,3,Velocity Vehicles,Delivered
10476,117454.44,2025-09-01,Commercial Trucks,Canada,51,EuroFleet Systems,Delivered
10477,64748.09,2025-12-15,Semi-Trailers,USA,14,AutoNation Dealers,Shipped
10478,88133.79,2025-10-25,Passenger Vehicles,Canada,42,Duke and Sons,Shipped
10479,10267.47,2025-04-24,Chassis Components,Australia,82,Velocity Vehicles,Resolved
10480,106205.17,2025-08-05,Transmission Units,UK,70,DriveTech Distributors,In Process
10481,47089.84,2025-07-04,Semi-Trailers,Australia,40,EuroFleet Systems,Delivered
10482,68499.76,2025-11-15,Passenger Vehicles,Italy,12,MetroFleet Auto Group,Delivered
10483,69991.26,2025-11-24,Chassis Components,USA,36,FleetX Logistics Ltd.,Delivered
10484,44926.32,2025-11-15,Commercial Trucks,USA,70,EuroFleet Systems,Shipped
10485,53008.49,2025-02-19,Trailers,Japan,67,Velocity Vehicles,Shipped
10486,98592.93,2025-02-04,Passenger Vehicles,France,1,,
10487,77052.92,2025-05-26,Chassis Components,Germany,25,DriveTech Distributors,Delivered
10488,78336.57,2025-08-01,Passenger Vehicles,Germany,81,Velocity Vehicles,Delivered
10489,97487.24,2025-12-19,Passenger Vehicles,Japan,81,Brown Ltd,In Process
10490,80672.21,2025-05-08,Passenger Vehicles,USA,76,Dean Ltd,Delivered
10491,103187.7,2025-10-19,Passenger Vehicles,France,69,Mason PLC,Delivered
10492,47372.77,2025-12-29,Passenger Vehicles,Japan,93,MetroFleet Auto Group,Shipped
10493,76127.92,2025-02-08,Passenger Vehicles,Australia,53,AutoNation Dealers,Delivered
10494,42604.49,2025-03-25,Passenger Vehicles,USA,75,Velocity Vehicles,Shipped
10495,27950.85,2025-02-24,Commercial Trucks,USA,77,FleetX Logistics Ltd.,Shipped
10496,50727.64,2025-11-02,Passenger Vehicles,Japan,65,EuroFleet Systems,In Process
10497,40442.59,2025-01-13,Passenger Vehicles,UK,48,Velocity Vehicles,Shipped
10498,52765.07,2025-03-02,Transmission Units,Australia,92,DriveTech Distributors,Delivered
10499,,2025-08-02,Commercial Trucks,Italy,58,FleetX Logistics Ltd.,Shipped
10500,57195.65,2025-06-12,Passenger Vehicles,UK,26,EuroFleet Systems,In Process
10501,59450.44,2025-03-28,Chassis Components,Australia,3,"Dougherty, Little and Welch",In Process
10502,63153.9,2025-06-28,Vehicle Interiors,Canada,4,MaxMove Transport,Delivered
10503,103254.2,2025-08-15,Commercial Trucks,Germany,84,FleetX Logistics Ltd.,Shipped
10504,108306.94,2025-06-13,Commercial Trucks,Canada,31,AutoNation Dealers,Delivered
10505,16174.66,2025-05-26,Passenger Vehicles,Italy,15,FleetX Logistics Ltd.,Delivered
10506,22904.51,2025-06-25,Commercial Trucks,France,90,DriveTech Distributors,Cancelled
10507,38986.13,2025-03-03,Transmission Units,France,9,"Wood, Ross and Cunningham",Delivered
10508,30625.13,2025-11-14,Passenger Vehicles,France,86,FleetX Logistics Ltd.,Shipped
10509,53029.49,2025-07-04,Passenger Vehicles,France,46,FleetX Logistics Ltd.,In Process
10510,79871.88,2025-01-07,Passenger Vehicles,Italy,59,MetroFleet Auto Group,In Process
10511,38221.49,2025-02-26,Semi-Trailers,Germany,7,TransGlobal Motors,In Process
10512,82330.0,2025-10-01,Passenger Vehicles,Germany,27,MaxMove Transport,In Process
10513,112454.15,2025-10-05,Passenger Vehicles,Germany,10,MaxMove Transport,Delivered
10514,34173.87,2025-02-17,Passenger Vehicles,Australia,84,Sims-Ortiz,In Process
10515,87484.19,2025-03-18,Passenger Vehicles,UK,65,DriveTech Distributors,On Hold
10516,29585.47,2025-08-31,Passenger Vehicles,Italy,38,EuroFleet Systems,In Process
10517,90785.21,2025-06-01,Semi-Trailers,Australia,24,,Delivered
10518,50996.59,2025-04-02,Semi-Trailers,Canada,15,AutoNation Dealers,Delivered
10519,112618.98,2025-08-25,Trailers,Germany,60,"Mack, Thomas and Mendoza",In Process
10520,95117.42,2025-02-22,Passenger Vehicles,France,79,EuroFleet Systems,Shipped
10521,45883.89,2025-02-19,Engine Systems,USA,47,Garcia Group,In Process
10522,45198.26,2025-03-08,Commercial Trucks,UK,51,FleetX Logistics Ltd.,Shipped
10523,34866.76,2025-03-04,Passenger Vehicles,Australia,39,MetroFleet Auto Group,In Process
10524,69384.53,2025-08-17,Passenger Vehicles,Canada,76,Velocity Vehicles,Shipped
10525,44478.33,2025-02-25,Passenger Vehicles,Australia,71,Farley Group,Delivered
10526,85098.38,2025-06-07,Commercial Trucks,UK,73,"Sparks, Kim and Jackson",Delivered
10527,50200.43,2025-10-26,Trailers,Japan,28,Velocity Vehicles,Shipped
10528,38646.66,2025-12-20,Passenger Vehicles,France,53,MaxMove Transport,In Process
10529,77844.01,2025-12-01,Passenger Vehicles,Germany,52,FleetX Logistics Ltd.,Shipped
10530,52029.79,2025-07-23,Transmission Units,Japan,48,Velocity Vehicles,Delivered
10531,54863.78,2025-09-06,Engine Systems,Germany,70,FleetX Logistics Ltd.,Shipped
10532,105399.65,2025-12-06,Electrical Systems,UK,21,TransGlobal Motors,Delivered
10533,9739.94,2025-07-09,Chassis Components,Canada,57,Velocity Vehicles,Delivered
10534,28144.08,2025-01-16,Passenger Vehicles,USA,79,EuroFleet Systems,Delivered
10535,24005.0,2025-03-30,Transmission Units,UK,8,MetroFleet Auto Group,Delivered
10536,33673.38,2025-08-10,Passenger Vehicles,USA,88,AutoNation Dealers,Cancelled
10537,101653.97,2025-12-05,Passenger Vehicles,Italy,41,MaxMove Transport,Disputed
10538,49591.65,2025-08-04,Passenger Vehicles,France,76,TransGlobal Motors,Delivered
10539,19435.85,2025-06-01,Passenger Vehicles,France,25,FleetX Logistics Ltd.,Shipped
10540,15864.06,2025-12-12,Passenger Vehicles,Australia,75,DriveTech Distributors,Delivered
10541,54068.47,2025-05-02,Passenger Vehicles,Australia,80,FleetX Logistics Ltd.,In Process
10542,35609.65,2025-08-22,Passenger Vehicles,Australia,92,FleetX Logistics Ltd.,Resolved
10543,14896.17,2025-12-17,Commercial Trucks,Canada,63,,Shipped
10544,84218.99,2025-09-24,Passenger Vehicles,Japan,34,MetroFleet Auto Group,In Process
10545,56254.68,2025-01-20,Passenger Vehicles,UK,90,AutoNation Dealers,Shipped
10546,107865.56,2025-10-11,Engine Systems,Italy,53,AutoNation Dealers,In Process
10547,15303.33,2025-06-30,Chassis Components,UK,3,TransGlobal Motors,Delivered
10548,119965.91,2025-04-25,Semi-Trailers,USA,30,EuroFleet Systems,Shipped
10549,63502.73,2025-08-21,Trailers,Australia,30,MetroFleet Auto Group,Delivered
10069,57610.45,2021-07-01,Passenger Vehicles,Japan,5,DriveTech Distributors,Delivered
10294,,2023-01-14,Passenger Vehicles,UK,73,FleetX Logistics Ltd.,Delivered
10545,56254.68,2025-01-20,Passenger Vehicles,UK,90,AutoNation Dealers,Shipped
10479,10267.47,2025-04-24,Chassis Components,Australia,82,Velocity Vehicles,Resolved
10377,15190.38,2024-07-24,Semi-Trailers,Italy,88,Silva PLC,Delivered
